id,species,sepal_length,sepal_width,petal_length,petal_width
1,viola,7.2,2.9,4.7,2.1
2,viola,6.8,2.8,4.3,1.6
3,alba,5.2,2.9,1.3,0.2
4,viola,6.5,2.2,5.0,2.4
5,rubra,7.1,3.0,4.3,1.3
6,rubra,6.2,2.5,3.9,1.4
7,alba,5.5,3.1,1.5,0.2
8,viola,6.5,3.0,5.7,2.4
9,alba,4.6,3.9,1.9,0.5
10,viola,5.7,2.7,6.0,1.9
11,alba,5.2,3.4,1.5,0.2
12,viola,7.0,2.3,5.7,1.7
13,rubra,5.3,3.3,3.5,1.3
14,viola,6.7,3.3,4.9,1.7
15,viola,5.2,2.7,5.8,1.8
16,rubra,5.7,2.8,3.8,1.5
17,alba,5.2,3.6,1.6,0.3
18,rubra,6.3,2.9,4.8,1.5
19,alba,5.3,3.9,1.4,0.3
20,alba,5.4,3.3,1.3,0.2
21,viola,7.1,3.0,5.4,1.6
22,viola,7.0,2.6,6.4,1.9
23,rubra,6.0,2.7,4.3,1.7
24,rubra,6.1,2.4,4.0,1.3
25,rubra,5.0,2.3,4.0,1.4
26,viola,6.1,3.1,5.9,2.3
27,viola,6.5,2.7,5.8,1.8
28,viola,6.6,3.6,5.6,2.0
29,rubra,6.5,2.8,3.7,1.7
30,rubra,6.1,3.2,4.5,1.4
31,viola,6.8,2.8,5.5,1.8
32,rubra,5.9,2.7,4.9,1.4
33,rubra,6.2,3.0,3.6,1.8
34,viola,6.6,2.6,4.7,1.8
35,rubra,5.8,2.9,4.5,1.6
36,rubra,5.1,2.9,4.4,1.6
37,viola,5.4,3.0,5.0,2.1
38,alba,5.4,4.1,1.6,0.4
39,rubra,6.6,2.8,4.4,1.3
40,rubra,5.2,3.3,4.8,1.1
41,alba,4.8,3.6,1.4,0.5
42,rubra,5.6,3.2,4.0,1.0
43,rubra,6.1,3.1,5.1,1.2
44,rubra,5.6,2.4,5.1,1.5
45,alba,5.3,4.2,1.5,0.3
46,alba,5.0,3.8,1.3,0.3
47,rubra,6.3,3.0,4.3,1.4
48,rubra,6.6,3.2,5.0,1.1
49,rubra,5.9,3.1,4.3,0.9
50,viola,6.4,2.4,6.3,2.1
51,alba,4.6,3.6,1.5,0.3
52,viola,5.8,2.6,5.1,1.9
53,alba,4.8,3.2,1.7,0.3
54,viola,6.7,3.0,5.8,2.0
55,alba,5.2,3.5,1.6,0.4
56,alba,4.8,2.9,1.6,0.3
57,alba,4.7,3.1,1.2,0.4
58,alba,5.6,3.5,1.5,0.4
59,alba,5.2,3.3,1.4,0.2
60,alba,5.0,3.3,1.6,0.1
61,rubra,6.4,3.0,4.0,1.2
62,alba,4.9,3.3,1.2,0.2
63,viola,5.7,3.2,5.8,2.2
64,viola,6.4,3.2,4.8,2.1
65,alba,5.3,3.6,1.4,0.4
66,rubra,4.3,3.0,4.5,1.4
67,viola,6.1,2.9,6.2,2.0
68,alba,5.5,3.4,1.8,0.2
69,rubra,5.7,2.4,4.6,0.8
70,viola,6.9,2.9,5.5,2.3
71,alba,5.1,3.3,1.6,0.4
72,rubra,5.6,2.4,4.3,1.4
73,viola,5.8,2.9,4.9,2.2
74,alba,5.4,3.2,1.4,0.3
75,rubra,5.9,2.8,4.0,1.1
76,viola,6.2,2.9,5.3,2.4
77,alba,4.9,3.4,1.5,0.3
78,viola,7.1,3.0,5.8,1.8
79,viola,7.1,2.9,5.5,1.9
80,rubra,5.6,2.6,4.9,1.7
81,rubra,6.5,2.5,3.9,1.3
82,alba,5.1,3.5,1.7,0.1
83,alba,5.0,3.7,1.5,0.2
84,alba,5.0,3.4,1.6,0.3
85,viola,6.7,2.6,5.2,2.4
86,alba,5.2,3.8,1.3,0.3
87,viola,6.7,2.9,4.7,2.4
88,alba,5.2,3.7,1.7,0.4
89,viola,6.1,3.0,6.0,2.0
90,rubra,6.2,2.8,5.1,1.4
91,viola,7.6,2.8,6.1,2.4
92,viola,6.6,2.5,5.8,2.2
93,viola,7.2,2.8,4.9,2.1
94,viola,6.6,3.1,5.1,2.2
95,rubra,5.0,2.5,5.2,1.2
96,viola,6.9,2.7,5.4,1.4
97,rubra,6.9,2.6,4.7,1.4
98,rubra,6.2,2.7,4.3,1.2
99,rubra,6.2,2.3,4.4,1.3
100,alba,4.7,3.5,1.4,0.2
101,alba,5.2,3.8,1.5,0.3
102,rubra,5.7,2.4,4.5,1.0
103,viola,8.1,3.7,5.2,2.2
104,alba,5.5,3.8,1.4,0.1
105,alba,4.6,3.1,1.3,0.2
106,viola,6.0,3.1,6.2,1.7
107,viola,6.0,3.1,5.9,1.7
108,rubra,6.9,2.3,5.0,1.3
109,alba,5.2,3.2,1.2,0.3
110,viola,5.8,2.3,5.4,2.3
111,rubra,5.6,2.4,3.7,1.5
112,viola,6.8,3.4,5.4,2.2
113,rubra,5.1,2.9,4.8,1.5
114,alba,5.1,3.3,1.4,0.4
115,alba,5.0,3.3,1.4,0.2
116,rubra,6.4,3.1,4.6,1.5
117,rubra,5.9,2.9,4.3,1.1
118,viola,6.8,2.8,5.1,1.6
119,alba,5.1,3.0,1.3,0.3
120,viola,7.3,2.9,6.2,1.7
121,alba,4.7,3.4,1.3,0.3
122,alba,4.7,4.1,1.5,0.4
123,viola,6.9,2.6,4.8,1.8
124,rubra,6.0,2.8,5.5,1.1
125,viola,7.5,3.4,5.2,2.0
126,alba,5.7,3.7,1.2,0.2
127,rubra,6.2,3.1,4.3,1.5
128,alba,4.7,3.4,1.4,0.3
129,rubra,6.0,3.4,3.9,1.3
130,alba,5.3,3.9,1.2,0.3
131,alba,4.9,2.6,1.2,0.2
132,rubra,5.9,3.0,4.3,1.3
133,rubra,6.0,3.1,4.8,1.3
134,alba,4.8,4.1,1.7,0.3
135,rubra,6.3,2.6,4.8,1.1
136,viola,6.5,2.6,5.6,1.8
137,rubra,6.0,3.2,4.7,1.6
138,viola,6.3,3.0,6.3,1.8
139,viola,8.2,3.3,5.1,2.2
140,viola,5.9,3.3,5.2,2.2
141,rubra,5.8,2.7,4.0,1.6
142,viola,6.1,3.3,6.3,2.3
143,alba,5.0,3.7,1.8,0.3
144,alba,4.9,3.4,1.2,0.2
145,alba,5.8,4.2,1.5,0.4
146,alba,4.7,3.6,1.4,0.3
147,rubra,6.0,2.7,4.4,1.1
148,alba,4.8,3.1,1.4,0.1
149,viola,7.0,3.0,5.7,2.0
150,rubra,6.6,2.7,4.2,1.3
